{"Accuracy": 0.571875, "F1": 0.5277347538927757, "RocAuc": 0.8047500647500646}